-- ================================================================
-- 零食管理系统 — 测试数据 v2.0
-- 账户1: admin / 123456
-- 账户2: test  / 123456
-- 数据量: 2用户 39零食 55流水 3处理 3盘点 10采购 11提醒 19日志
-- ================================================================

-- ██████████████████████████████████████████████
-- 0. 清空 (可重复执行)
-- ██████████████████████████████████████████████
DELETE FROM operation_log;
DELETE FROM notification;
DELETE FROM system_config;
DELETE FROM shopping_list;
DELETE FROM disposal_record;
DELETE FROM inventory_check_record;
DELETE FROM stock_record;
DELETE FROM snack;
DELETE FROM supplier;
DELETE FROM snack_category;
DELETE FROM sys_user;

-- ██████████████████████████████████████████████
-- 1. 用户
-- ██████████████████████████████████████████████
INSERT INTO sys_user (id, username, password, nickname) VALUES
(1, 'admin', '$2b$12$kLHlX.MLsT27NNFKHUYhveLz/YiuesiuP8uBYB/qIpAToIrjvyZI6', '管理员'),
(2, 'test',  '$2b$12$kLHlX.MLsT27NNFKHUYhveLz/YiuesiuP8uBYB/qIpAToIrjvyZI6', '测试用户');

-- ██████████████████████████████████████████████
-- 2. 分类 (每用户8个)
-- ██████████████████████████████████████████████
INSERT INTO snack_category (id, user_id, name, icon, sort_order) VALUES
(1,  1,'膨化食品',  '🍿',1),(2,  1,'糖果巧克力','🍬',2),(3,  1,'坚果炒货',  '🥜',3),(4,  1,'饼干糕点',  '🍪',4),
(5,  1,'饮料',      '🥤',5),(6,  1,'肉干肉脯',  '🍖',6),(7,  1,'果脯蜜饯',  '🍑',7),(8,  1,'其他',      '📦',8),
(9,  2,'膨化食品',  '🍿',1),(10, 2,'糖果巧克力','🍬',2),(11, 2,'坚果炒货',  '🥜',3),(12, 2,'饼干糕点',  '🍪',4),
(13, 2,'饮料',      '🥤',5),(14, 2,'肉干肉脯',  '🍖',6),(15, 2,'果脯蜜饯',  '🍑',7),(16, 2,'其他',      '📦',8);

-- ██████████████████████████████████████████████
-- 3. 零食 (user1: 25种, user2: 8种)
-- ██████████████████████████████████████████████
INSERT INTO snack (id, user_id, category_id, name, quantity, unit, price, purchase_date, expiry_date, notes) VALUES
-- user1 膨化食品 (cat 1)
(1,  1,1,'乐事原味薯片',   50,'包',  8.50,'2026-03-01','2026-08-15','经典原味'),
(2,  1,1,'奇多玉米棒',     30,'包',  4.50,'2026-03-10','2026-07-20','起司风味'),
(3,  1,1,'上好佳虾条',     25,'包',  3.50,'2026-04-01','2026-09-01',''),
(4,  1,1,'浪味仙蔬菜卷',   35,'包',  5.00,'2026-04-20','2026-10-01',''),
-- user1 糖果巧克力 (cat 2)
(5,  1,2,'德芙丝滑巧克力', 25,'盒', 15.00,'2026-04-05','2026-12-01','243g分享装'),
(6,  1,2,'大白兔奶糖',     60,'颗',  0.50,'2026-02-15','2027-03-01','经典奶味'),
(7,  1,2,'费列罗榛果巧克力',10,'盒',45.00,'2026-04-10','2026-10-15','16粒礼盒'),
(8,  1,2,'明治雪吻巧克力', 18,'盒', 22.00,'2026-05-05','2027-02-01','草莓味'),
-- user1 坚果炒货 (cat 3)
(9,  1,3,'恰恰原味瓜子',   40,'包',  6.00,'2026-03-20','2026-09-01','308g'),
(10, 1,3,'三只松鼠开心果', 15,'罐', 25.00,'2026-04-01','2026-10-15','225g'),
(11, 1,3,'良品铺子腰果',   20,'罐', 19.90,'2026-04-08','2026-11-01','250g'),
(12, 1,3,'百草味巴旦木',   22,'袋', 16.00,'2026-04-25','2026-12-31','200g'),
-- user1 饼干糕点 (cat 4)
(13, 1,4,'奥利奥巧克力夹心',35,'盒',  9.00,'2026-04-12','2026-11-01','388g'),
(14, 1,4,'旺旺仙贝',       45,'包',  4.00,'2026-04-05','2026-08-30','52g×10'),
(15, 1,4,'达利园蛋黄派',   20,'袋', 12.00,'2026-03-25','2026-07-15','23g×20枚'),
(16, 1,4,'格力高百奇饼干', 40,'盒',  7.50,'2026-05-08','2026-11-20','抹茶味'),
-- user1 饮料 (cat 5)
(17, 1,5,'农夫山泉矿泉水', 72,'瓶',  2.00,'2026-04-15','2027-06-01','550ml'),
(18, 1,5,'可口可乐',       48,'罐',  3.50,'2026-04-01','2026-10-01','330ml'),
(19, 1,5,'旺仔牛奶',       24,'罐',  5.00,'2026-03-15','2026-12-31','245ml'),
(20, 1,5,'维他柠檬茶',     36,'盒',  3.00,'2026-05-01','2027-01-15','250ml'),
(21, 1,5,'元气森林气泡水', 28,'瓶',  5.50,'2026-05-10','2026-11-01','白桃味'),
-- user1 肉干肉脯 (cat 6)
(22, 1,6,'科尔沁牛肉干',   20,'包', 18.00,'2026-03-18','2026-07-15','五香味120g'),
(23, 1,6,'良品铺子鱿鱼丝', 12,'包', 15.00,'2026-04-05','2026-09-01','100g'),
(24, 1,6,'母亲牛肉棒',      1,'根',  8.00,'2026-03-01','2026-06-01','⚠低库存'),
(25, 1,6,'来伊份猪肉脯',    2,'包', 12.00,'2026-03-15','2026-05-20','⚠已过期'),
-- user1 果脯 + 其他 (cat 7-8)
(26, 1,7,'华味亨山楂片',   50,'包',  3.00,'2026-04-10','2027-01-01','150g'),
(27, 1,7,'三只松鼠葡萄干', 30,'包',  8.00,'2026-03-28','2026-11-01','200g'),
(28, 1,8,'卫龙大面筋辣条', 80,'包',  2.50,'2026-04-08','2026-09-15','106g'),
(29, 1,8,'米老头蛋黄煎饼', 18,'袋', 10.00,'2026-03-20','2026-08-20','300g'),
-- user2 的零食 (cat 9-16)
(30, 2,9, '乐事黄瓜味薯片',  18,'包',  8.00,'2026-05-01','2026-09-01',''),
(31, 2,10,'士力架花生巧克力',30,'条',  4.50,'2026-04-20','2027-01-01','51g'),
(32, 2,11,'沃隆每日坚果',    12,'袋', 18.00,'2026-05-05','2026-10-15','25g×7'),
(33, 2,12,'好吃点高纤饼干',  25,'盒',  6.00,'2026-04-28','2026-09-30',''),
(34, 2,13,'雪碧柠檬味',      36,'罐',  3.00,'2026-05-08','2026-11-01','330ml'),
(35, 2,14,'周黑鸭鸭脖',      10,'盒', 25.00,'2026-05-01','2026-07-20','麻辣味200g'),
(36, 2,15,'盐津铺子芒果干',  15,'袋',  9.50,'2026-04-15','2026-12-01','120g'),
(37, 2,16,'咪咪虾条',        50,'包',  1.50,'2026-05-10','2027-03-01','20g');

-- ██████████████████████████████████████████████
-- 4. 库存流水 (INIT 37条 + 出入库 18条)
-- ██████████████████████████████████████████████
INSERT INTO stock_record (user_id, snack_id, snack_name, change_type, change_qty, before_qty, after_qty, remark) VALUES
-- INIT
(1,1, '乐事原味薯片',    'INIT',50,0,50,'初始'),(1,2, '奇多玉米棒',      'INIT',30,0,30,'初始'),(1,3, '上好佳虾条',      'INIT',25,0,25,'初始'),
(1,4, '浪味仙蔬菜卷',    'INIT',35,0,35,'初始'),(1,5, '德芙丝滑巧克力',  'INIT',25,0,25,'初始'),(1,6, '大白兔奶糖',      'INIT',60,0,60,'初始'),
(1,7, '费列罗榛果巧克力','INIT',10,0,10,'初始'),(1,8, '明治雪吻巧克力',  'INIT',18,0,18,'初始'),(1,9, '恰恰原味瓜子',    'INIT',40,0,40,'初始'),
(1,10,'三只松鼠开心果',  'INIT',15,0,15,'初始'),(1,11,'良品铺子腰果',    'INIT',20,0,20,'初始'),(1,12,'百草味巴旦木',    'INIT',22,0,22,'初始'),
(1,13,'奥利奥巧克力夹心','INIT',35,0,35,'初始'),(1,14,'旺旺仙贝',        'INIT',45,0,45,'初始'),(1,15,'达利园蛋黄派',    'INIT',20,0,20,'初始'),
(1,16,'格力高百奇饼干',  'INIT',40,0,40,'初始'),(1,17,'农夫山泉矿泉水',  'INIT',72,0,72,'初始'),(1,18,'可口可乐',        'INIT',48,0,48,'初始'),
(1,19,'旺仔牛奶',        'INIT',24,0,24,'初始'),(1,20,'维他柠檬茶',      'INIT',36,0,36,'初始'),(1,21,'元气森林气泡水',  'INIT',28,0,28,'初始'),
(1,22,'科尔沁牛肉干',    'INIT',20,0,20,'初始'),(1,23,'良品铺子鱿鱼丝',  'INIT',12,0,12,'初始'),(1,24,'母亲牛肉棒',      'INIT',5,0,5,'初始'),
(1,25,'来伊份猪肉脯',    'INIT',8,0,8,'初始'), (1,26,'华味亨山楂片',    'INIT',50,0,50,'初始'),(1,27,'三只松鼠葡萄干',  'INIT',30,0,30,'初始'),
(1,28,'卫龙大面筋辣条',  'INIT',80,0,80,'初始'),(1,29,'米老头蛋黄煎饼',  'INIT',18,0,18,'初始'),
(2,30,'乐事黄瓜味薯片',  'INIT',18,0,18,'初始'),(2,31,'士力架花生巧克力','INIT',30,0,30,'初始'),(2,32,'沃隆每日坚果',    'INIT',12,0,12,'初始'),
(2,33,'好吃点高纤饼干',  'INIT',25,0,25,'初始'),(2,34,'雪碧柠檬味',      'INIT',36,0,36,'初始'),(2,35,'周黑鸭鸭脖',      'INIT',10,0,10,'初始'),
(2,36,'盐津铺子芒果干',  'INIT',15,0,15,'初始'),(2,37,'咪咪虾条',        'INIT',50,0,50,'初始'),
-- 近期出入库
(1,1, '乐事原味薯片',    'OUT',-3,53,50,'下午茶'),     (1,5, '德芙丝滑巧克力','OUT',-2,27,25,'同事分享'),
(1,18,'可口可乐',        'OUT',-6,54,48,'午餐'),       (1,28,'卫龙大面筋辣条','OUT',-5,85,80,'休息时间'),
(1,6, '大白兔奶糖',      'OUT',-8,68,60,'会议小食'),   (1,17,'农夫山泉矿泉水','OUT',-12,84,72,'团队用水'),
(1,13,'奥利奥巧克力夹心','IN', 10,25,35,'补货'),       (1,24,'母亲牛肉棒',    'OUT',-4,5,1,'过期丢弃'),
(1,25,'来伊份猪肉脯',    'OUT',-6,8,2,'过期丢弃'),     (1,22,'科尔沁牛肉干',  'OUT',-2,22,20,'个人消耗'),
(1,9, '恰恰原味瓜子',    'OUT',-4,44,40,'追剧'),       (1,2, '奇多玉米棒',    'OUT',-5,35,30,'下午茶'),
(1,18,'可口可乐',        'OUT',-8,56,48,'聚餐'),       (1,17,'农夫山泉矿泉水','IN', 24,48,72,'补货'),
-- 更早的流水
(1,18,'可口可乐',        'OUT',-10,64,54,'周末聚会'),  (1,1, '乐事原味薯片',  'OUT',-5,58,53,'周末聚会'),
(1,14,'旺旺仙贝',        'OUT',-5,50,45,'分享'),       (1,28,'卫龙大面筋辣条','OUT',-8,93,85,'下午茶');

-- ██████████████████████████████████████████████
-- 5. 供应商
-- ██████████████████████████████████████████████
INSERT INTO supplier (id, user_id, name, contact, phone, address, notes) VALUES
(1,1,'永辉超市批发',    '张经理','13800001111','福州市鼓楼区五四路128号','大型连锁，供货稳定可月结'),
(2,1,'良品铺子供应商',  '李主管','13900002222','武汉市洪山区珞喻路88号','品牌直供，满500免运费'),
(3,1,'本地零食批发市场','王老板','13700003333','南昌市青山湖区北京东路56号','价格灵活，支持小批量');

-- ██████████████████████████████████████████████
-- 6. 采购清单
-- ██████████████████████████████████████████████
INSERT INTO shopping_list (id, user_id, snack_name, planned_qty, price, status, source, supplier_id, supplier_name, remark) VALUES
(1,1,'乐事原味薯片',   20, 8.50,'PENDING', 'LOW_STOCK',1,'永辉超市批发','库存偏低自动生成'),
(2,1,'可口可乐',       24, 3.50,'BOUGHT',  'MANUAL',   2,'良品铺子供应商','已采购入库'),
(3,1,'德芙丝滑巧克力', 10,15.00,'PENDING', 'MANUAL',   1,'永辉超市批发',''),
(4,1,'良品铺子鱿鱼丝', 15,15.00,'PENDING', 'LOW_STOCK',3,'本地零食批发市场',''),
(5,1,'旺旺仙贝',       30, 3.80,'BOUGHT',  'MANUAL',   2,'良品铺子供应商','特价采购'),
(6,1,'三只松鼠开心果',  8,25.00,'PENDING', 'MANUAL',   2,'良品铺子供应商','促销活动备货'),
(7,1,'卫龙大面筋辣条', 50, 2.30,'BOUGHT',  'LOW_STOCK',3,'本地零食批发市场','补货已完成'),
(8,1,'恰恰原味瓜子',   20, 5.50,'CANCELLED','MANUAL',  NULL,NULL,'临时取消'),
(9,1,'格力高百奇饼干', 20, 7.00,'PENDING', 'MANUAL',   1,'永辉超市批发','新口味试采购');

-- ██████████████████████████████████████████████
-- 7. 系统配置
-- ██████████████████████████████████████████████
INSERT INTO system_config (user_id, config_key, config_value) VALUES
(1,'lowStockThreshold','2'),(1,'expiryAlertDays','30'),(1,'defaultPageSize','10'),(1,'autoGenerateNotification','true'),
(2,'lowStockThreshold','3'),(2,'expiryAlertDays','14'),(2,'defaultPageSize','20'),(2,'autoGenerateNotification','false');

-- ██████████████████████████████████████████████
-- 8. 消息提醒
-- ██████████████████████████████████████████████
INSERT INTO notification (id, user_id, type, title, content, related_id, notify_date, is_read) VALUES
(1,1,'EXPIRY_SOON','牛肉干即将过期','科尔沁牛肉干 将于 7月15日 过期',22,'2026-07-15',0),
(2,1,'EXPIRY_SOON','蛋黄派即将过期','达利园蛋黄派 将于 7月15日 过期',15,'2026-07-15',0),
(3,1,'LOW_STOCK', '费列罗库存不足','费列罗榛果巧克力 库存仅剩10',7,date('now'),1),
(4,1,'LOW_STOCK', '鱿鱼丝库存不足','良品铺子鱿鱼丝 库存仅剩12',23,date('now'),1),
(5,1,'EXPIRY_SOON','奇多玉米棒即期','奇多玉米棒 将于 7月20日 过期',2,'2026-07-20',0),
(6,1,'EXPIRY_SOON','猪肉脯已过期',  '来伊份猪肉脯 已于 5月20日 过期',25,'2026-05-20',0),
(7,1,'LOW_STOCK', '牛肉棒库存告急','母亲牛肉棒 库存仅剩1',24,date('now'),0),
(8,1,'LOW_STOCK', '猪肉脯库存极低','来伊份猪肉脯 库存仅剩2',25,date('now'),0);

-- ██████████████████████████████████████████████
-- 9. 处理记录
-- ██████████████████████████████████████████████
INSERT INTO disposal_record (id, user_id, snack_id, snack_name, quantity, unit, unit_price, total_loss, reason, remark, dispose_date) VALUES
(1,1,24,'母亲牛肉棒',  4,'根',8.00, 32.00,'EXPIRED','过期处理',date('now','-3 days')),
(2,1,25,'来伊份猪肉脯',6,'包',12.00,72.00,'EXPIRED','已过期丢弃',date('now','-2 days')),
(3,1,15,'达利园蛋黄派',2,'袋',12.00,24.00,'DAMAGED','包装破损',date('now','-5 days'));

-- ██████████████████████████████████████████████
-- 10. 盘点记录
-- ██████████████████████████████████████████████
INSERT INTO inventory_check_record (id, user_id, snack_id, snack_name, system_qty, actual_qty, difference, remark, check_date) VALUES
(1,1,1, '乐事原味薯片',50,48,-2,'少了2包',date('now','-7 days')),
(2,1,18,'可口可乐',    48,52, 4,'多出4罐',date('now','-7 days')),
(3,1,28,'卫龙大面筋辣条',80,80,0,'库存一致',date('now','-14 days'));

-- ██████████████████████████████████████████████
-- 11. 操作日志
-- ██████████████████████████████████████████████
INSERT INTO operation_log (id, user_id, username, action, target_type, target_id, detail, result, ip) VALUES
(1, 1,'admin','LOGIN_SUCCESS','AUTH',NULL,'用户登录','SUCCESS','192.168.1.100'),
(2, 1,'admin','SNACK_CREATE','SNACK',1,'新增零食: 乐事原味薯片','SUCCESS','127.0.0.1'),
(3, 1,'admin','STOCK_IN','STOCK',1,'入库 乐事原味薯片 +50','SUCCESS','127.0.0.1'),
(4, 1,'admin','SUPPLIER_CREATE','SUPPLIER',1,'新增供应商: 永辉超市批发','SUCCESS','127.0.0.1'),
(5, 1,'admin','SUPPLIER_CREATE','SUPPLIER',2,'新增供应商: 良品铺子供应商','SUCCESS','127.0.0.1'),
(6, 1,'admin','SHOPPING_STOCK_IN','SHOPPING_LIST',2,'采购入库: 可口可乐 +24','SUCCESS','127.0.0.1'),
(7, 1,'admin','CONFIG_UPDATE','CONFIG',NULL,'修改系统配置','SUCCESS','127.0.0.1'),
(8, 1,'admin','DISPOSAL_CREATE','DISPOSAL',1,'丢弃: 母亲牛肉棒 ×4','SUCCESS','127.0.0.1'),
(9, 1,'admin','DISPOSAL_CREATE','DISPOSAL',2,'丢弃: 来伊份猪肉脯 ×6','SUCCESS','127.0.0.1'),
(10,1,'admin','INVENTORY_CHECK','INVENTORY_CHECK',1,'盘点: 乐事薯片 差-2','SUCCESS','127.0.0.1'),
(11,1,'admin','SNACK_UPDATE','SNACK',15,'编辑零食: 达利园蛋黄派','SUCCESS','127.0.0.1'),
(12,1,'admin','STOCK_OUT','STOCK',18,'出库 可口可乐 -8','SUCCESS','127.0.0.1'),
(13,1,'admin','STOCK_IN','STOCK',17,'入库 农夫山泉 +24','SUCCESS','127.0.0.1'),
(14,1,'admin','SNACK_CREATE','SNACK',4,'新增零食: 浪味仙蔬菜卷','SUCCESS','127.0.0.1'),
(15,1,'admin','PASSWORD_UPDATE','AUTH',NULL,'修改密码','SUCCESS','127.0.0.1'),
(16,1,'admin','LOGIN_SUCCESS','AUTH',NULL,'用户登录','SUCCESS','127.0.0.1');


-- ██████████████████████████████████████████████
-- 12. v7.0 小卖铺测试数据
-- ██████████████████████████████████████████████

-- 客户端用户 (密码 123456)
INSERT INTO shop_user (id, username, password, nickname, phone) VALUES
(1, 'customer1', '$2b$12$kLHlX.MLsT27NNFKHUYhveLz/YiuesiuP8uBYB/qIpAToIrjvyZI6', '小明', '13800001111'),
(2, 'customer2', '$2b$12$kLHlX.MLsT27NNFKHUYhveLz/YiuesiuP8uBYB/qIpAToIrjvyZI6', '小红', '13800002222');

-- 商品上架 (user1的前15种零食)
UPDATE snack SET is_on_shelf = 1, shelf_time = datetime('now','localtime') WHERE user_id = 1 AND id BETWEEN 1 AND 15;
-- 几种有描述的
UPDATE snack SET description = '经典原味，酥脆可口，追剧必备！' WHERE id = 1;
UPDATE snack SET description = '丝滑巧克力，入口即化，下午茶首选' WHERE id = 5;
UPDATE snack SET description = '五香味浓郁，越嚼越香，休闲零食首选' WHERE id = 22;

-- 公告
INSERT INTO shop_announcement (id, title, content, is_active, sort_order) VALUES
(1, '🎉 零食小卖铺开业啦！', '全场零食新鲜上架，快来选购吧~', 1, 1),
(2, '📦 满5件包邮', '单笔订单满5件免运费（模拟）', 1, 2),
(3, '⚠️ 温馨提示', '下单后24小时内发货，请耐心等待哦~', 1, 3);

-- 示例订单 (customer1)
INSERT INTO shop_order (id, order_no, shop_user_id, owner_user_id, status, total_amount, total_quantity, receiver, phone, address, create_time, ship_time) VALUES
(1, 'SN202605201400010001', 1, 1, 'COMPLETED', 42.50, 5, '小明', '13800001111', '宿舍楼A101', datetime('now','-3 days','localtime'), datetime('now','-2 days','localtime')),
(2, 'SN202605211000020002', 1, 1, 'SHIPPED', 25.00, 3, '小明', '13800001111', '宿舍楼A101', datetime('now','-1 days','localtime'), datetime('now','localtime'));

INSERT INTO shop_order_item (order_id, snack_id, snack_name, image_url, price, quantity, unit, subtotal) VALUES
(1, 1, '乐事原味薯片', '', 8.50, 2, '包', 17.00),
(1, 5, '德芙丝滑巧克力', '', 15.00, 1, '盒', 15.00),
(1, 17, '农夫山泉矿泉水', '', 2.00, 2, '瓶', 4.00),
(1, 22, '科尔沁牛肉干', '', 18.00, 1, '包', 18.00),
(2, 1, '乐事原味薯片', '', 8.50, 1, '包', 8.50),
(2, 2, '奇多玉米棒', '', 4.50, 2, '包', 9.00),
(2, 5, '德芙丝滑巧克力', '', 15.00, 1, '盒', 15.00);

-- 示例订单 (customer2)
INSERT INTO shop_order (id, order_no, shop_user_id, owner_user_id, status, total_amount, total_quantity, receiver, phone, address, create_time) VALUES
(3, 'SN202605221500030003', 2, 1, 'PENDING_SHIP', 33.50, 4, '小红', '13800002222', '宿舍楼B202', datetime('now','-1 days','localtime'));

INSERT INTO shop_order_item (order_id, snack_id, snack_name, image_url, price, quantity, unit, subtotal) VALUES
(3, 7, '费列罗榛果巧克力', '', 45.00, 1, '盒', 45.00),
(3, 13, '奥利奥巧克力夹心', '', 9.00, 2, '盒', 18.00),
(3, 18, '可口可乐', '', 3.50, 2, '罐', 7.00);
